tweet_id	text	predictions	anime_id	anime_title
1606672578520944643	最高にろっくなアニメやった ありがとうBTR 速攻でロスになってますわ  #ぼっち・ざ・ろっく	2	2022-10-582	ぼっち・ざ・ろっく!
1623683848826687488	君に虹が降る #ぼっち・ざ・ろっく https://t.co/A1eUN4f3DG	1	2022-10-582	ぼっち・ざ・ろっく!
1651301887902375936	★Amazon予約開始★  TV ぼっち・ざ・ろっく 結束バンド 光の中へ  価格:1,320円 2023年5月発売 https://t.co/Cod0l8Ioxw #ぼっち・ざ・ろっく #結束バンド #アニプレックス https://t.co/L2MuSarNRq	1	2022-10-582	ぼっち・ざ・ろっく!
1649260491875966976	きたちゃんおめでとう 2期も楽しみにしてます 再掲 #ぼっち・ざ・ろっく #喜多ちゃん https://t.co/6zwtJUphxz	2	2022-10-582	ぼっち・ざ・ろっく!
1578705415965388801	ぼっち・ざ・ろっく第一話本日放送!🎸  前から応援している作品なので、アニメめちゃくちゃ楽しみです! #ぼっち・ざ・ろっく https://t.co/S9oU8dZbEz	2	2022-10-582	ぼっち・ざ・ろっく!
1606669138969362432	名前呼びキターン!! #ぼっち・ざ・ろっく	1	2022-10-582	ぼっち・ざ・ろっく!
1604835154861883392	会場となるところを眺めておく #ぼっち・ざ・ろっく #at_x https://t.co/XVXYMyl8D8	1	2022-10-582	ぼっち・ざ・ろっく!
1597370864961753090	星ぼという無限の可能性 (髪出しすぎだし、いろいろ雑に...) #ぼっち・ざ・ろっく https://t.co/GEC4DiARDA	1	2022-10-582	ぼっち・ざ・ろっく!
1581463990081028096	ぼっちちゃんの顔面とスタイルの良さを活かすシーンがほぼ皆無なのすき  #ぼっち・ざ・ろっく https://t.co/2YRHrBscuW	2	2022-10-582	ぼっち・ざ・ろっく!
1605372953821990912	廣井きくり 酔いどれ知らず #ぼっち・ざ・ろっく #BocchiTheRock https://t.co/CUxZKpeBQq	1	2022-10-582	ぼっち・ざ・ろっく!
1630333149946454017	伊地知虹夏に彼氏がいることを知り崩壊する男の小説を書きました。ピクシブにあまり慣れていないのですが宜しくお願い致します。 #ぼっち・ざ・ろっく #伊地知虹夏   https://t.co/dSl5CLRLLA https://t.co/ttW4mpkjH7	1	2022-10-582	ぼっち・ざ・ろっく!
1602915766503735296	#ぼっち・ざ・ろっく  10話  「バンドって最高にカッコいい!!︎」 シンプルだけど響く感情 アバンの妄想がソロだった事が対比なのか結束バンドのリードギター後藤ひとりになった瞬間 体育館ステージ申し込みもだけどギター練習頑張るとか来喜多ちゃんのぼっちへの憧れが垣間見える感じが良いな ↓ https://t.co/QnqaQDzS2A	2	2022-10-582	ぼっち・ざ・ろっく!
1602621239087931392	フランドン畜舎内 ヨークシャイヤさんにアプリにしていただいています(その1) #ぼっち・ざ・ろっく #福笑い #ぼっちちゃん #後藤ひとり #キュビズム https://t.co/qu05cH7eji	1	2022-10-582	ぼっち・ざ・ろっく!
1609938637701140480	#ぼっち・ざ・ろっく  練習✏️ https://t.co/hh3Ga47oVm	1	2022-10-582	ぼっち・ざ・ろっく!
1594899247027347456	下北のヴィレヴァンにぼざろのポスター貼ってあるのほんとエモい...原作からずっとファンだったから感無量...。 #ぼっち・ざ・ろっく! https://t.co/5dEvrwIood	2	2022-10-582	ぼっち・ざ・ろっく!
1586374247244386307	呪詛wwwww #BTR_anime #ぼっち・ざ・ろっく https://t.co/u1vI39MwXJ	1	2022-10-582	ぼっち・ざ・ろっく!
1591470699230949376	何度も再生しちゃう。 #ぼっち・ざ・ろっく https://t.co/YkxfC8UjlE	1	2022-10-582	ぼっち・ざ・ろっく!
1652757642010591233	虹夏ちゃん。  #伊地知虹夏 #ぼっち・ざ・ろっく https://t.co/dCKODJ8UOB	1	2022-10-582	ぼっち・ざ・ろっく!
1607089500500684801	猫ぼっち🐱🎸  #ぼっち・ざ・ろっく #後藤ひとり #ぼっちざろっく https://t.co/BsRMw5F6m2	0	2022-10-582	ぼっち・ざ・ろっく!
1593988623392997377	キャスト #BTR_anime #ぼっち・ざ・ろっく #bs11 https://t.co/d9e1hY9bOC	1	2022-10-582	ぼっち・ざ・ろっく!
1445536857400352777	第1話のCパート(ですかね?)私が原作で読んで堕ちた「面倒なバカだな」という科白があって嬉しゅうございました。 何故このセリフで落ちたのか、説明すると大変にうざいので(私が)やめておきますが、「吸血鬼すぐ死ぬ」はいいぞ!  #吸血鬼すぐ死ぬ	2	2021-10-369	吸血鬼すぐ死ぬ
1612455929152405506	提供 #sugushinu #吸血鬼すぐ死ぬ https://t.co/kmBZJ1ZZ02	1	2021-10-369	吸血鬼すぐ死ぬ
1620391546494537729	🧛「#アルマジロのジョン from #吸血鬼すぐ死ぬ」第2巻発売記念フェア🦇 at #マンガ展渋谷 https://t.co/GhCS3xDriS  ✨会期満了✨  たくさんのご来店ありがとうございました😊 皆様の会話から愛されるジョンの人気が伝わってきました🧡  これからも #盆ノ木至 先生と #吸死 を応援していきましょう✨ https://t.co/a3f2btUauS	2	2021-10-369	吸血鬼すぐ死ぬ
1656584939234799616	【 #吸血鬼すぐ死ぬ × #グラッテ 】 5月31日(水)よりコラボリバイバル開催が決定! 全12種のキャラクターがプリントされたコラボラテとクッキーをお楽しみいただけます♪ 開催店舗はグラッテ8店舗 記念グッズもご用意しておりますのでお見逃しなく! メニューなど詳細は近日公開いたします。 https://t.co/Uk48Vxw2yM	2	2021-10-369	吸血鬼すぐ死ぬ
1519512852868243456	店員姿×ミニキャラのロナルドたちが爆カワ💗  \本日4/28(木)～開催!🎉/ 「#吸血鬼すぐ死ぬ×ロールアイスクリームファクトリー」コラボスタート!🍨💜  キャラクターをイメージしたロールアイス&ドリンク、グッズなど盛り沢山!🎁💕  全国6店舗にて開催中!🌹🔽 https://t.co/o51KOtPVU2 https://t.co/gmM7Podehy	2	2021-10-369	吸血鬼すぐ死ぬ
1654825181972688901	自己紹介の時に描いた推したち。あと5、6人追加する予定だったけど折れたのでこれだけッ #ハイキュー #ツイステ #吸血鬼すぐ死ぬ #艦これ  #イラスト #推し  あと最近鬼滅の半天狗にハマってしまった、、、 空積 可 喜怒哀楽のビジュどストライクすぎて辛い   絶 https://t.co/Ep9hdQMjpC	1	2021-10-369	吸血鬼すぐ死ぬ
1568178838290714624	\ #吸血鬼すぐ死ぬ ×カラ鉄/  コンセプトルームのご予約は ⏰9/12 19時~ コラボ特設サイトにて受付❗️ 楽しみにお待ちください🎶	2	2021-10-369	吸血鬼すぐ死ぬ
1051804317508755457	【新作グッズ情報】吸血鬼すぐ死ぬ  マスキングテープ (いっぱい食べるジョン) ¥800+税  明日10月16日(火)より予約開始致します! ※11月下旬入荷予定  サイズ 幅20mm ×10M   #秋田書店ストア #吸血鬼すぐ死ぬ https://t.co/ZmT3fl8hwG	1	2021-10-369	吸血鬼すぐ死ぬ
1495035021920325636	【吸死】二次創作動画使用イラスト集 その2 #吸血鬼すぐ死ぬ https://t.co/4Har6Lh5gS https://t.co/2EFIvwD6vU	1	2021-10-369	吸血鬼すぐ死ぬ
1620061553579147264	アイキャッチwwwww #sugushinu #吸血鬼すぐ死ぬ https://t.co/PwAcG8boOU	1	2021-10-369	吸血鬼すぐ死ぬ
1368760972932907011	#秋田書店ストア オープンしております! 本日も12時〜20時迄の営業です❣️  原作絵グッズが盛り沢山! この機会にぜひお立ち寄り下さい🙌✨ #弱虫ペダル #吸血鬼すぐ死ぬ #BEASTARS #魔入りました入間くん #僕の心のヤバイやつ #薔薇王の葬列 #マカロニほうれん荘 #六道の悪女たち #ダーウィンズゲーム https://t.co/PCSweYDnOy	2	2021-10-369	吸血鬼すぐ死ぬ
1532565236464558081	\新たな有償特典付きセット登場/  ✝️『#吸血鬼すぐ死ぬ』✝️ 繋がる!ジョンのアクリルスタンド  21～23巻新刊発売時の 3連続企画✨となります!  【第1弾】は 🔸最新刊までの全巻セット 🔸収納BOX 🔸【有償】アクスタ1  【第2弾】【第3弾】と続きますので 🔽詳細をチェック! https://t.co/X6RaZTomZY https://t.co/vFs4gpD6nk	2	2021-10-369	吸血鬼すぐ死ぬ
1475686194046406659	#吸血鬼すぐ死ぬ 家賃8000円トレンド入りしてて笑う🤣🤣🤣 トレンドに乗ってか知らんけど、Blu-rayのランキングも上がってて笑う🤣🤣3,146円OFFだからお買い得っちゃーそうだよね!!!!  https://t.co/I0XST0w3xy	2	2021-10-369	吸血鬼すぐ死ぬ
1336856695364993027	【新作予約情報】吸血鬼すぐ死ぬ  アクリルチャーム付き缶バッジ  ¥1000+税  ※12月10日より店頭予約受付開始 ※1月下旬頃入荷予定   #秋田書店ストア #吸血鬼すぐ死ぬ https://t.co/xHZnT8jpgi	1	2021-10-369	吸血鬼すぐ死ぬ
1465323151244820481	BランクなのにFランクの仕事である街の雑用とかやって街の人に好かれてる冒険者ギルドの人みたいだサテツさん......。 #吸血鬼すぐ死ぬ	1	2021-10-369	吸血鬼すぐ死ぬ
1470406238307758082	ヒット! #sugushinu #吸血鬼すぐ死ぬ https://t.co/RVSWqJqe4p	1	2021-10-369	吸血鬼すぐ死ぬ
1620063795828891649	ママン最強吸血鬼か!?!? #sugushinu #吸血鬼すぐ死ぬ #bs11 https://t.co/eSTApdBQvg	1	2021-10-369	吸血鬼すぐ死ぬ
1507921561919299589	#吸血鬼すぐ死ぬ スペシャルステージ ありがとうございました❣️  あっという間の濃密な時間でした🥺 ちん!って鳴いてた記憶しかないけど、めちゃくちゃ楽しかったー!  来てくださった皆様の作品愛を直に感じることができて幸せでした✨  二期に向けて、これからどんどん盛り上げていきましょうっ!! https://t.co/qXWyViefVq	2	2021-10-369	吸血鬼すぐ死ぬ
1477272798871846912	今年一発目のガチャはコチラっ!!️  #吸血鬼すぐ死ぬ  #Y談おじさん  #フクマさん https://t.co/c1s8nLQ8pW	2	2021-10-369	吸血鬼すぐ死ぬ
1641772858937606148	#吸血鬼すぐ死ぬ 4/12  ひとりだち未遂から夏まで🌻 https://t.co/Owi0x4cNLt	1	2021-10-369	吸血鬼すぐ死ぬ
1485540629040234496	喜多川海夢 #その着せ替え人形は恋をする #喜多川海夢 #着せ恋 #MyDressUpDarling #marinkitagawa https://t.co/Bf5kMZl6oH	1	2022-01-417	その着せ替え人形は恋をする
1592507841788936192	あたし、、ちゃんと雫たんになれてる?  その着せ替え人形は恋をする  喜多川海夢  #着せ恋  #喜多川海夢 #黒江雫 #アナログイラスト #カイロイラスト  #絵柄が好みっていう人にフォローされたい https://t.co/V9wSJDzEJy	2	2022-01-417	その着せ替え人形は恋をする
1487442967548035072	ポーズかわいい #着せ恋 #bs11 https://t.co/5Y2amGJkUj	2	2022-01-417	その着せ替え人形は恋をする
1571094487275016193	お花のスタンドにひな人形が。 この方たちが送られたってことですかね。すごい。 #着せ恋 https://t.co/vTx4zDFzSy	2	2022-01-417	その着せ替え人形は恋をする
1484908112687423496	外でその話はやばい #kisekoi_anime #着せ恋 #bs11‍‍‍‍‍‍‍‍‍‍‍‍‍‍‍‍‍‍‍‍‍‍‍‍ https://t.co/46G6c0WDSo	1	2022-01-417	その着せ替え人形は恋をする
1607868903065292800	おはようございます。  皆さん今日で仕事納めですかね。  最後まで気を抜かずに頑張りましょう!  ★新着動画★ その着せ替え人形は恋をする 史上最高にイカレタ動画が爆誕。 https://t.co/IgTFNdl8lf  byPさん  #着せ恋  #その着せ替え人形は恋をする  #アニメ好きな人と繋がりたい  #喜多川海夢 https://t.co/mBF11IAjXj	2	2022-01-417	その着せ替え人形は恋をする
1507913822299836421	着せ恋12話見た!! 控えめに言って最の高だったやばみ!!!  コミックあるから先を知ってるけど 2期きてくれー頼むー🙏🙏  #着せ恋 #MyDressUpDarling #その着せ替え人形は恋をする #喜多川海夢 https://t.co/Xe7Li6KrUv	2	2022-01-417	その着せ替え人形は恋をする
1492419072897609728	買ったよね #着せ恋 https://t.co/FNeNk0YpYf	1	2022-01-417	その着せ替え人形は恋をする
1626800652482674690	リアルにしらすバーガートンビさんに襲われて半分持ってかれたw🤣 海夢ちゃんとおまじ体験出来たボクは勝ち組🏆  #着せ恋 https://t.co/qYtULE2agy	2	2022-01-417	その着せ替え人形は恋をする
1505198950709866500	毎週落ちてる #着せ恋 #tokyomx #bs11 https://t.co/uqgAIC4VAH	1	2022-01-417	その着せ替え人形は恋をする
1533748144801910784	喜多川海夢 #喜多川海夢 #その着せ替え人形は恋をする #fanart #着せ恋 https://t.co/Wz58IPOzJJ https://t.co/b5GOHoQemr	1	2022-01-417	その着せ替え人形は恋をする
1498307619231977476	着せ恋まじおもろい  #着せ恋  #絵師さんと繋がりたい  #歌い手さんMIX師さん絵師さん動画師さんとPさん繋がりたい https://t.co/MVm8JiUobT	2	2022-01-417	その着せ替え人形は恋をする
1508103800644849671	喜多川さんと出会い、様々な事を経験した五条くん。五条くんが楽しそうで何よりでした。あと花火のシーンの作画エグい。  こんなにハマった作品はかぐや様以来。 マジで2期求む。 #着せ恋 https://t.co/ZXYfBS2U5G	2	2022-01-417	その着せ替え人形は恋をする
1473627907331620864	/ #着せ恋 × acosta!  ノベルティを解禁✨ \  コスプレイベント「acosta!」会場内 #着せ恋 ブースにて配布の『海夢の名言ステッカー』は全4種! ぜひGETしてね💖  🔸会場 池袋サンシャインシティ  🔸配布期間 12月25日(土)~12月26日(日) 1月8日(土)~1月10日(月祝)  https://t.co/KP9tTGOAYT https://t.co/PRwfyWtqgx	2	2022-01-417	その着せ替え人形は恋をする
1642855424520249344	【🕷cosplay☁️】  着せ恋 / 黒江雫(和服ver)  「ご主人様......💜」  📸@panag99   #Uアコスタ #Uアコスタ2023 #Uアコスタ池袋 #コスプレ #cosplay #着せ恋 #着せ恋展 https://t.co/sM9hxDSA5O	1	2022-01-417	その着せ替え人形は恋をする
1654169685099773952	深夜に起きちゃったのでage(`・ω・ ́)  #コスフェスTDC での #着せ恋  場所と時間が限られた中でしたが撮って頂けて感謝です🥲! 次はゆっくりお願いしたいなあ🐬 📸@minato_kiryu https://t.co/VXbk7jvH2G	2	2022-01-417	その着せ替え人形は恋をする
1484906964971057152	衣装代(生地代?)をちゃんと用意してくるって良い子だな... てっきり「五条くん持ちね!」(または「立て替えて!」)って言うかと思ったw #BS11 #その着せ替え人形は恋をする #着せ恋	2	2022-01-417	その着せ替え人形は恋をする
1531839926001881088	【コスプレ】 その着せ替え人形は恋をする  五条新菜/あずきさん@anan_azuki  喜多川海夢  📸東雲さん@9232kei5   #着せ恋 #みんなの海夢 https://t.co/lKdzhABWay	1	2022-01-417	その着せ替え人形は恋をする
1541055354129489920	ジュジュ様描いてます。 #着せ恋 #乾紗寿叶 https://t.co/wNklzn0EPk	1	2022-01-417	その着せ替え人形は恋をする
1526718459500892160	「自分の気持ちは自分の為に言わなきゃだめだよ!」  #着せ恋 #喜多川海夢 #初コス #コスプレイヤーさんと繋がりたい  #RTで私を有名にしてください  #重加工 https://t.co/zR7FDt4doP	1	2022-01-417	その着せ替え人形は恋をする
1419210697397850113	ポチタ作成03  ポチタを動かそうとすると、上昇負荷を受けて成れ果てへと変貌してしまう。ボンドルドの気持ちってこんな感じなんかなぁ。  #チェンソーマン  #Blender3d https://t.co/NMUO9vS0oH	1	2022-10-588	チェンソーマン
1602720122501992448	チェンソーマン 大交流展のグッズ飾り終えました。ノートやクリアファイルは傷つき安いのでビニールのまま壁に貼るのがオススメです。 #チェンソーマン   #ベースヤードトーキョー https://t.co/iE2EzSSjpl	1	2022-10-588	チェンソーマン
1644181303754121217	ヨル #チェンソーマン  #チェンソーマン2部 https://t.co/HPbVx92S9e	1	2022-10-588	チェンソーマン
1472417091802529794	早川アキ #チェンソーマン #chainsawman https://t.co/ooiiI2qcD8	1	2022-10-588	チェンソーマン
1597974573240451072	【『チェンソーマン×白猫プロジェクト』開催中!】 「デンジ」「アキ」「パワー」「マキマ」が白猫に登場 期間中キャラ「1回」ガチャが毎日1回無料! #チェンソーマン #白猫プロジェクト https://t.co/ZwfN1ViT0J	2	2022-10-588	チェンソーマン
1416956092270084096	『チェンソーマン』藤本タツキの新作読切『ルックバック』に称賛の嵐 「天才」「泣ける」の声多数  #ルックバック #藤本タツキ #チェンソーマン https://t.co/jLYc83Nu9p	2	2022-10-588	チェンソーマン
1633362322361323520	チェンソーマンQposket 早川アキ 入荷致しました。 #チェンソーマン #早川アキ  #ゲームれいんぼー https://t.co/4tc1iUm8pQ	1	2022-10-588	チェンソーマン
1580184660738330624	1話放送記念っていうことで。僕は天使の悪魔。えっと #なりきりさんと繋がりたい を使えばいいんだっけ...?へい人間君、暇なら僕の話し相手になってよ。  #チェンソーマン     #チェンソーマンなりきりさんと繋がりたい #なりきりさんがRTしてくれてそれを見たなりきりさんがきっとフォローしてくれる https://t.co/MiixS7bAdQ	2	2022-10-588	チェンソーマン
1598551056094400513	#チェンソーマン 8話 原作知ってたのに忘れてたから 新幹線のシーン 見た瞬間に全て察した... やっぱつれェわ...姫野先輩... でもサムライソードグッドデザイン賞 優勝できるくらいにはかっこいい 許せないけど あと幽霊(ゴースト)の悪魔って能力に対して代償デカすぎるんよ 弱すぎ...対人では強いのかな https://t.co/nz9phy5X90	1	2022-10-588	チェンソーマン
1468868042616627202	glamb×チェンソーマン 取扱&amp;予約受付開始!  Aki Sweat https://t.co/7sAwP8XVUh  藤本タツキによる『 #チェンソーマン 』とglambがコラボ。  バックプリントに大判でプリントされたアキは、原画を元にしながら水彩画風にすることで復讐に燃えるキャラクターを美しく表現。  数量限定につきお早めに! https://t.co/MnpyveXkpN	1	2022-10-588	チェンソーマン
1607579813023305728	【#2022秋アニメ 情報】 本日第12話放送予定の『チェンソーマン』📺✨ 放送までに話題のOP・EDを確認しよう👀💖 (2022-12-14掲載記事)  #チェンソーマン #chainsawman #秋アニメ https://t.co/mHObR9zlHR	2	2022-10-588	チェンソーマン
1410164306851745793	パワー / チェンソーマン  アニメ化おめでとうございます🎈 #チェンソーマン #chainsawman https://t.co/GM8jVMfjST	2	2022-10-588	チェンソーマン
1367146176672272385	『チェンソーマン』 キャラクター人気投票結果まとめ! #チェンソーマン #チェンソーマン第一部完結 #キャラクター人気投票開催 https://t.co/gxga78KAkr	1	2022-10-588	チェンソーマン
1541793930328829952	過去絵祭り ポチタ  #イラスト #チェンソーマン https://t.co/DEvUR5p4nH	2	2022-10-588	チェンソーマン
1571076730710011904	【明後日配信!】 TVアニメ『#チェンソーマン』 9/19(月・祝)20:00～メインキャスト登壇の舞台挨拶をYoutubeのMAPPAチャンネルにて生配信します! 最新情報も解禁!お見逃しなく!  ▽配信URL https://t.co/TuCKtltshN  #chainsawman https://t.co/4085nYor5m	2	2022-10-588	チェンソーマン
1620672640473247744	【カプセルトイ情報】 「#プロジェクトセカイ カプセルラバーマスコットキーチェーンコレクション Vol.1」  「ちゃびちゃび #チェンソーマン ソフビフィギュア」  「ペパクラ #SPYFAMILY アクリルスタンド」  エレベーター横の筐体にて稼働中がぁて!   #カプセル_アニ長岡 https://t.co/29nVtk2dtx	1	2022-10-588	チェンソーマン
1510178208414859265	アナログでマキマさん #チェンソーマン #chainsawman #イラスト #イラスト好きな人と繋がりたい https://t.co/2dXMyGWSMQ	1	2022-10-588	チェンソーマン
1462285841007472642	っぽぽぽぽぽpっっちいいいいいいい泣 #チェンソーマン https://t.co/g20pUHESaJ	1	2022-10-588	チェンソーマン
1582392860191920130	#チェンソーマン  #chainsawman 2話面白かった https://t.co/Uf4xWXtFFU	2	2022-10-588	チェンソーマン
1573305709454065666	米津玄師、約2年半ぶりとなるアリーナツアー初日にTVアニメ「チェンソーマン」OP「KICK BACK」初披露! #米津玄師 #KICKBACK #チェンソーマン https://t.co/18yiftwyw4	2	2022-10-588	チェンソーマン
1513136922121543685	偶然なんや・・・ ラスバレにしおりんが来ることを知らずに貼ってたんや・・・(笑)  #アサルトリリィ #アサルトリリィドール部  #六角汐里 https://t.co/pBVXpPsNlp	1	2020-10-136	アサルトリリィ BOUQUET
1417417760661938176	#アサルトリリィ #ラスバレ #アサふる 早速見てきた、一体「ゆゆりり」は何をしてたんですかねぇ...w🤔 あとキャンペーンも早速やってきてメモリアと💎マギジュエルもらってきた ちなメモリアのイラストかわいい https://t.co/Jd9LiEekKG https://t.co/HH25U6e50F	2	2020-10-136	アサルトリリィ BOUQUET
1630922554151161857	帰宅です。 赤尾ひかるさん、ご結婚おめでとうございます!  #アサルトリリィ #アサルトリリィドール部  #一柳梨璃 https://t.co/NHvhunqXj3	2	2020-10-136	アサルトリリィ BOUQUET
1433459712150806528	アサルトリリィ ふるーつ 4話のぽにて  #アサルトリリィ #アサふる #ラスバレ #ポニーテール #ポニテ #Pferdeschwanz https://t.co/Nno8Wszwjp	1	2020-10-136	アサルトリリィ BOUQUET
1272078091808960512	長沢雪様の解説を読んで泣いてしまいました。。 #アサルトリリィ #アサルトリリィ_FA https://t.co/dQaaA2njLO	1	2020-10-136	アサルトリリィ BOUQUET
1347527651724910595	9月の舞台が無料配信されると言う事で、この台詞を是非見てあげて下さい #アサルトリリィ  #アサルトリリィドール部 #石川葵 https://t.co/y8x6HY2TMb	2	2020-10-136	アサルトリリィ BOUQUET
1257567941576388608	折れぬ槍の心。 #カスタムリリィ #アサルトリリィ  #アゾカツ https://t.co/dSpM3wNLhp	1	2020-10-136	アサルトリリィ BOUQUET
1511342999099297806	ラスバレ攻略班に動画投稿しました!チャンネル登録RTお願いします! 【#ラスバレ】強要というバカげた考え方は辞めた方がいいよpart551【#アサルトリリィラストバレット】【#アサルトリリィ】 https://t.co/p784RJJZeM https://t.co/WFfeeSCLZD	1	2020-10-136	アサルトリリィ BOUQUET
1319462848137850880	梨璃ちゃんのだらしない表情にギャグチックな顔好き😊#アサルトリリィ https://t.co/im5Sn4cn2o	2	2020-10-136	アサルトリリィ BOUQUET
1632718450379591689	イルマ強化週間...!もうすぐ稽古開始。 遂にイルマの皆さんと会えるのですね...🌼  #アサルトリリィ #イルマ女子 #吉井霞子 https://t.co/45UtYCBp6L https://t.co/BgLvpHFb4p	2	2020-10-136	アサルトリリィ BOUQUET
1399659903959003141	GROWINGしましょ〜🌼たづまい  #アサルトリリィ_FA #アサルトリリィ https://t.co/nfz7qKQKjA	2	2020-10-136	アサルトリリィ BOUQUET
1343041108129980418	ほたるさんのステッカーかわいい😊 #アサルトリリィ學藝祭 #アサルトリリィ https://t.co/Axmvk7rvow	2	2020-10-136	アサルトリリィ BOUQUET
1431782142028050432	あっという間に本日千秋楽です。 最後まで全力で戦い抜きたいと思います! #アサルトリリィ #御台場女学校 #御台場TSA https://t.co/gpLrBjJynV	2	2020-10-136	アサルトリリィ BOUQUET
1579501972683919361	というわけで今日の解説はここまでです。本日の分はこちらにまとめました!それではみなさまおやすみなさいませー😴💤💤 #アサルトリリィ https://t.co/NTMq9mva7w	1	2020-10-136	アサルトリリィ BOUQUET
1478210358301306882	百合亜様お迎えしたの昨日なので未だ3と4の写真がありませぬが、こんな感じで末永く楽しめるホビーである、と主張する我輩です。 #アサルトリリィ https://t.co/28cK9oXphw	2	2020-10-136	アサルトリリィ BOUQUET
1638558884884533250	心を許した人にはちゃんとした言葉でお話されますよ。御巴留様や、今は霞子様にもそうですね #アサルトリリィ #イルマ女子 https://t.co/1VbtwHX0Ob https://t.co/0oEPnrlIQz	1	2020-10-136	アサルトリリィ BOUQUET
1490256247194406915	神琳誕生日おめでとう〜 手描きでの神琳まんじゅうでお祝い なんか髪色がしっくりきてないけどもう無理じゃ #アサルトリリィ #ラスバレ #アサルトリリィ_FA  #郭神琳 #郭神琳生誕祭2022 https://t.co/VO2S7rWtET	2	2020-10-136	アサルトリリィ BOUQUET
1332008213458325511	【リリィ】 「アサルトリリィ BOUQUET」第8話から、梨璃さんと結梨さんです👭  #アサルトリリィ https://t.co/keDQfOx5TW	1	2020-10-136	アサルトリリィ BOUQUET
1362972475005407236	アサルトリリィの抱き枕カバーのサンプルをTBS様に頂きました!! 総作監の潮月さん描き下ろしです! 可愛いので皆様も是非お手に取って頂けると嬉しいです✨ #アサルトリリィ https://t.co/Ja4GMF0nbg	2	2020-10-136	アサルトリリィ BOUQUET
1424394721691013131	というわけで今日の解説はここまでです。 本日の分はいつものここに纏めました! おやすみなさいませ～^^ #アサルトリリィ https://t.co/RAB7UJUuhi	1	2020-10-136	アサルトリリィ BOUQUET
1534656531916292096	星野源、話題の『SPY×FAMILY』イラストは「見ないで描きました!」/永山瑛太&川栄李奈出演、短編映画『半透明なふたり』無料公開【6/8 芸能・エンタメニュース】 https://t.co/9bjL44fsjT   #星野源 #SPY_FAMILY #透明なふたり #赤楚衛二 #ゾン100 #生田絵梨花 #オールドルーキー #Ado #OP_FILMRED	1	2022-10-547	SPY×FAMILY（Season 1 第2クール）
1604253832229572608	まだまだやってる🐰♥ https://t.co/BTNc422RCT 本日はゲストに🤣 アーニャ様をお招きしています🌿草 #APEX #ApexLegends #SPY_FAMILY #アーニャ #ゲーム #堕天使るちはぁ #DTR #YouTube #チャンネル登録 #歌ってみた #カラオケ #gameplay #ゲーム実況	2	2022-10-547	SPY×FAMILY（Season 1 第2クール）
1555841113600077824	/  夏休み企画実施中🏖️🎆  \  8月31日(水)までの間、 毎日WEBコンテンツをSNSで公開🎉👏  土曜はアーニャの夏休みイラスト🌻  ▼#アーニャ ×かき氷🍧 ・イラスト:川上大志  #SPY_FAMILY    #スパイファミリー https://t.co/MioEwuMRfo	1	2022-10-547	SPY×FAMILY（Season 1 第2クール）
1588895448588120064	鈴木雅之 #SPY_FAMILY #tvtokyo https://t.co/yL1gw6Aoba	1	2022-10-547	SPY×FAMILY（Season 1 第2クール）
1529315635188011008	このあと「お前に犬を飼う資格はない」といわれたアーニャ #ダミアニャ #アーニャ #ダミアン #SPY_FAMILY https://t.co/jSxOem35aK	0	2022-10-547	SPY×FAMILY（Season 1 第2クール）
1586704339510636544	【#コスプレ】  SPY×FAMILY                   ロイド・フォージャー  #池ハロ2022 #池袋ハロウィン2022 #ロイド・フォージャー #SPY_FAMILY https://t.co/gjEJYh9KB8	1	2022-10-547	SPY×FAMILY（Season 1 第2クール）
1525435326231355393	#SPY_FAMILY #スパイファミリー 2巻 #マシュマロチェア #ジョージ・ネルソン #富山県美術館 https://t.co/6AyB9V0LzG	1	2022-10-547	SPY×FAMILY（Season 1 第2クール）
1648899289408770048	【#SPY_FAMILY】  / TaS限定購入特典付き🎊🎶 \  TVアニメ第2クールキービジュアルグッズが登場✨  TaS限定特典として、対象商品を税込み4,000円以上ご購入で、1会計につき1枚「スクエア缶マグネット」をプレゼント🎁  🔽商品詳細はこちら https://t.co/AQX7kxiQB9  #スパイファミリー https://t.co/UqBf1BdmWR	2	2022-10-547	SPY×FAMILY（Season 1 第2クール）
1629083672803676167	1週間分のSPY×FAMILY シークレットミッション情報まとめました!! #USJファン #USJクールジャパン #SPY_FAMILY #SPY_FAMILYシークレットミッション #USJ #NOLIMIT #超元気特区 #USJファン https://t.co/rBhMrCA3IV	2	2022-10-547	SPY×FAMILY（Season 1 第2クール）
1528586535985356805	アニメ『スパイファミリー』ヨルの弟ユーリ役・小野賢章のコメントが公開 https://t.co/VD1D2Xx6Wt #SPY_FAMILY #スパイファミリー https://t.co/FZwgKulvXG	1	2022-10-547	SPY×FAMILY（Season 1 第2クール）
1591499910934831106	Yor Forger | ヨル・フォージャー | #SPYxFamily #SPY_FAMILY #スパイファミリー #ヒゲダン https://t.co/s7P29vSl46	1	2022-10-547	SPY×FAMILY（Season 1 第2クール）
1593995272559812608	#SPYxFAMLY 第20話 アーニャのレポート アーニャの恐るべしレポートw #SPY_FAMILY #スパイファミリー #アーニャ #アーニャ・フォージャー https://t.co/qYmx64W5vV	1	2022-10-547	SPY×FAMILY（Season 1 第2クール）
1534301114450911232	ロイアニャらくがき  #SPY_FAMILY  #スパイファミリー https://t.co/aemtQhOEmz	1	2022-10-547	SPY×FAMILY（Season 1 第2クール）
1518031464817840129	KOMONO #SPY_FAMILY もACCA英語使うのか	1	2022-10-547	SPY×FAMILY（Season 1 第2クール）
1596435017970094082	【グッズ入荷情報】 『SPY×FAMILY』より ・ステッカー ・クリアファイル が入荷しましたフセ! #SPY_FAMILY #スパイファミリー https://t.co/mC8nSVNPb5	2	2022-10-547	SPY×FAMILY（Season 1 第2クール）
1582577625192488961	#SPY_FAMILY  新商品入荷❣️ クリアポーチ&ラウンドポーチが 新しく仲間入り🥜🥜🥜  文具📐や化粧品💄 なんでも入れちゃおー😍  #ROU #イオンモール常滑 #あそびの雑貨店 #アーニャ  #ポーチ https://t.co/HazmO7A31F	2	2022-10-547	SPY×FAMILY（Season 1 第2クール）
1344793783490134016	新年おめでとう🎊 最新刊も最高でした〜。  #スパイファミリー  #SPY_FAMILY https://t.co/Lya9AlTsHZ	2	2022-10-547	SPY×FAMILY（Season 1 第2クール）
1518273780619288576	おにただ #SPY_FAMILY #スパイファミリー 3話 #bstvtokyo #録画 https://t.co/J2gJtzTi9c	1	2022-10-547	SPY×FAMILY（Season 1 第2クール）
1508036461282885633	本日は25:00まで夜更かし✍️  #スパイファミリー #SPY_FAMILY https://t.co/EVC5UE4qSP	1	2022-10-547	SPY×FAMILY（Season 1 第2クール）
1515344124580302848	追いスパイファミリーしよ、、、ってかスパイファミリーの略称ってなに❔❔❔  #SPY_FAMILY	1	2022-10-547	SPY×FAMILY（Season 1 第2クール）
1424810703509065730	ドット絵シリーズ第3弾始動～。 満開祭りKVを攻める>< #yuyuyu https://t.co/iV4kBloNHi	2	2021-10-350	結城友奈は勇者である -大満開の章-
941713212944162816	「ありがとね、犬神」 #yuyuyu https://t.co/GxWqgYRQyZ	2	2021-10-350	結城友奈は勇者である -大満開の章-
1464308965202796546	モブ防人の識別しました! リンクの2話モブ防人識別と合わせてみてください! なお赤字のギリシア文字は2話時点ではいなかった子になります。 あと戦衣は識別できんかった...... https://t.co/EV09dbLOID #yuyuyu #大満開の章 https://t.co/YlqzETJuLC	1	2021-10-350	結城友奈は勇者である -大満開の章-
1269353062172291075	あー夏凜ちゃん(*ノωノ)♡!  #yuyuyu https://t.co/fTV3KYeoqq	2	2021-10-350	結城友奈は勇者である -大満開の章-
919545405712449536	エガオノキミへをベースで弾いてみました。 TVサイズはこちらhttps://t.co/Gi6m32aL10 #yuyuyu #結城友奈は勇者である #ゆゆゆい https://t.co/JsTxeG6Dm9	1	2021-10-350	結城友奈は勇者である -大満開の章-
1294272375798652928	三年後に本当に猫になったともよ #yuyuyu https://t.co/UdCXLf50kq	1	2021-10-350	結城友奈は勇者である -大満開の章-
1471951901743001600	とうとう最終回が終わった。 勇者の章があんな感じの終わり方だったから今回の終わり方はちょっと不思議というか新鮮な感じで終わったけどこの終わり方も最高に好き。 本当に今までありがとうございました!。  #ゆゆゆ #yuyuyu #大満開の章 #最終回 https://t.co/cKFL0CQcmk	2	2021-10-350	結城友奈は勇者である -大満開の章-
1273994200300654593	#乃木若葉生誕祭2020 #乃木若葉生誕祭 #乃木若葉は勇者である #yuyuyu 本日は我らが風雲児若葉ちゃんのお誕生日ですよ～おめでとうございます🎉🎉🎉🎉🎉 乃木家が今後も更なる繁栄となるよう、勇者部員一同盛大にお祝い祝️いたします この勢いでアニメ化だよ✨ ビュオオオオオ～ https://t.co/mzdc9Jg78f	2	2021-10-350	結城友奈は勇者である -大満開の章-
1511336381347504128	勇者部所属の好きなシーン模写させてもらいました✨ 犬吠埼姉妹いいぞ～♪ #yuyuyu https://t.co/IvrVlivN2H	2	2021-10-350	結城友奈は勇者である -大満開の章-
1253363451159699456	#結城友奈は勇者である #yuyuyu #三好夏凛 夏凛ちゃんが無性に描きたくなった、煮干し食べたい。 https://t.co/IftTIT39jS	2	2021-10-350	結城友奈は勇者である -大満開の章-
1449606871547928584	ブロマイド(全11種)  ミーには13種あるように見える・・・ #yuyuyu #大満開の章 https://t.co/dBrU9dAWIr	1	2021-10-350	結城友奈は勇者である -大満開の章-
1594160799215652867	ゆゆゆいのイラストは「あれの神花前とか神花後がないぞ」と思ったら徹底的に3人揃ってる絵に絞ってるのか。 #yuyuyu https://t.co/L692TkLyOz	1	2021-10-350	結城友奈は勇者である -大満開の章-
1671166995876937731	おやすみなさい。 #乃木若葉 #乃木若葉は勇者である #yuyuyu #ゆゆゆ https://t.co/Dku8uR9fZF	1	2021-10-350	結城友奈は勇者である -大満開の章-
1272368945874432000	ワンドロ 6/13,14 #yuyuyu https://t.co/abXzJIvHkp	1	2021-10-350	結城友奈は勇者である -大満開の章-
1418766895189164034	みんな昨日はお疲れ様でした #勇者部満開 #yuyuyu #rkgk https://t.co/wfFpLTjJfY	1	2021-10-350	結城友奈は勇者である -大満開の章-
1564018376665489409	ジョーカー(仮)の結果  「あなたとの約束 #古波蔵棗」  ゆゆゆいキャラクターのUR限定。 #ゆゆゆいUR確定ガチャ。 #yuyuyu #ゆゆゆい #ゆゆゆいガチャ #kuizyガチャ @NA_TOGO_KMLより https://t.co/6ZXVNOixF5	1	2021-10-350	結城友奈は勇者である -大満開の章-
1273267824681611264	なんだお芝居か #yuyuyu #bsntv https://t.co/R5XEx0sUoI	1	2021-10-350	結城友奈は勇者である -大満開の章-
1337973673131536386	樹ちゃんアンケート結果が出ました!! いつもより短い集計期間にも関わらず沢山のご参加ありがとうございました! 今回は三つ巴の接戦になりギリギリまで分かりませんでしたが、最後はドロドロの樹ちゃんが駆け抜けたようです。 かわいい。 #yuyuyu https://t.co/9HJ0EcpvqI	2	2021-10-350	結城友奈は勇者である -大満開の章-
1349113491349639168	最近描いたイラストまとめ | 柏蒼司 #pixiv https://t.co/AoEWFky0Gb   #馬車道画廊 #ほしまちぎゃらりー #yuyuyu https://t.co/VvMOjGJGYR	1	2021-10-350	結城友奈は勇者である -大満開の章-
970102833486872576	満開祭り3開催! おめでとうございます!!! #yuyuyu  #満開祭り3 #wasuyu  #nowayu  #yuyuyui https://t.co/SC3A3gzgIo	2	2021-10-350	結城友奈は勇者である -大満開の章-
1570633731857326080	映画「五等分の花嫁」 ヴァイスシュヴァルツ ブースターパック 当店には 9月22日または9月23日に店着する予定とのことです💦 店着しましたらTwitterにてお知らせします  #五等分の花嫁 #WS @wstcg  #ヴァイスシュヴァルツ  #TSUTAYA #調布	1	2021-01-205	五等分の花嫁∬
1263015447043076096	ゲーム、アニメ、漫画好きと繋がりたい。 変な垢以外フォロバします。 #この中に好きなのが一つでもあったらRT  #ゲーム  #終わりのセラフ  #五等分の花嫁 #青ブタ #約束のネバーランド #相互フォロー https://t.co/lNByNbmxnW	1	2021-01-205	五等分の花嫁∬
1478220599545991168	https://t.co/ffnZmWuAUG 僕の大切なフォロワーさんが作ってくれた作品です!みなさん良かったら見に行ってあげてください! #五等分の花嫁  #拡散希望RT	2	2021-01-205	五等分の花嫁∬
1348999483149860866	#ごとぱず  #五等分の花嫁 #拡散希望 三玖みっくが特にそれに兼ねて五月いのりん推しのティエレ・ミクノです! イベントガチるチームの招待をお待ちしております!和気あいあいも出来たらと思っております! https://t.co/w0jMn9kCBl	2	2021-01-205	五等分の花嫁∬
1273906325282451456	#アナログイラスト #五等分の花嫁 #中野五月  描かせていただきました。 https://t.co/NLDWlxjeTI https://t.co/hsQXo6C8KX	2	2021-01-205	五等分の花嫁∬
1530124367195426816	中野一花  #五等分の花嫁 #中野一花 https://t.co/36QnZHZwCF	1	2021-01-205	五等分の花嫁∬
1359908242655088641	今度こそ好きって伝えるんだ #5hanayome #五等分の花嫁 https://t.co/tXomyzubE4	2	2021-01-205	五等分の花嫁∬
1492037975404081152	【プライズ】本日の新製品! #ブルーナアニマル SLサイズぬいぐるみ うさぎ #五等分の花嫁∫∫ ロングクッションvol.1 #すみっコぐらし コーデュロイぬいぐるみXL プレミアム とんかつ #ミッフィー 特大サイズMOREぬいぐるみvol.9 2022 spring ペールグリーンアソート 投入完了✨ #タイトー https://t.co/1Q6itgpJu5	2	2021-01-205	五等分の花嫁∬
1280007024424574976	🌸五等分の花嫁  カプセルラバーストラップ🌸  #五等分の花嫁 から制服&パジャマver.のかわいいちびキャラ #ラバーストラップ が登場! 全10種1回300円  #ガシャポン横丁  #ブシロードクリエイティブ  #カプセルトイ  #bushiroadcreative  #gotoubunnohanayome  #capsuletoy  #ameyoko  【🏞】 https://t.co/xYV9YYv6WC	2	2021-01-205	五等分の花嫁∬
1425605897594703875	ラバスト一花出そうとすると金無くなる笑笑二次流通で一花のラバスト売ってそうな所どこかありますか?  #五等分の花嫁 #中野一花 https://t.co/G4kJJL6kCw	1	2021-01-205	五等分の花嫁∬
1396060063417049100	いやはや 5人で一つですね😁😉☺️😄😋  本当にありがとうございます! 大切に飾らせていただきます! #五等分の花嫁 #ハイチュウ #森永製菓  @morinaga_angel https://t.co/YLSi1jLeue	2	2021-01-205	五等分の花嫁∬
1544614692173230084	#五等分質問 #五等分の花嫁 こんな五等分アニメがあったらどれか見たいのはありますか?	1	2021-01-205	五等分の花嫁∬
1530078604947689472	映画 五等分の花嫁 入場者特典 色紙  求)三玖、二乃  譲)四葉  画像は今ありませんが上映後お取引させて下さい。 郵送にて交換希望です。 またはさいたま新都心での手渡し可能  #五等分の花嫁  #五等分の花嫁の映画	1	2021-01-205	五等分の花嫁∬
1244797770533228545	飲んでみたーい!! #五等分の花嫁 #五等分の花嫁展 https://t.co/C754mcAQa7	2	2021-01-205	五等分の花嫁∬
1395314718349221888	五等分の花嫁フルカラー版全14巻読破完了しました!  僕はニ乃ちゃん推しですね。最終巻を読み終えても、そこは変わらずです。  とりあえず、読破完了記念って事で!トラックに帰ったら開封の儀......  ええ、仕事中ですww #五等分の花嫁 https://t.co/DmvwWYnSsB	2	2021-01-205	五等分の花嫁∬
1372924151271288833	えっっっっっっっっっっr #5hanayome #五等分の花嫁 #bs11 https://t.co/R10QXCOp5f	1	2021-01-205	五等分の花嫁∬
1535220305559293954	妹達の晩餐会🍀⭐️⭐️ とりあえずお疲れ様ですw このあとも交換頑張るぞ😅  #五等分の花嫁 https://t.co/eqkZ7hQSne	2	2021-01-205	五等分の花嫁∬
1517686263289384960	【プライズ】 #五等分の花嫁∫∫ モチモチダイカットクッション2  入荷しております✨  触り心地とかわいすぎるイラスト ずっとお膝に置いておきたい...  #タイステ #大須 https://t.co/lQEE6WHfW3	2	2021-01-205	五等分の花嫁∬
1224347390729015296	好きなアニメです #とある科学の超電磁砲 #五等分の花嫁 #からかい上手の高木さん #かぐや様は告らせたい https://t.co/CWz1pX2EKZ	2	2021-01-205	五等分の花嫁∬
1355490598518575104	五等分のカタチなんやろうか... まだ許せる!  #五等分の花嫁 https://t.co/mui4i82PTB	1	2021-01-205	五等分の花嫁∬
1200766576850423809	ギリギリセーフ。他の方々のも続々上がってて眼福ですな。 #スパイファミリーファンアート #SPY_FAMILY https://t.co/IUfBGo8Z1y	2	2022-04-484	SPY×FAMILY（Season 1 第1クール）
1602272364753956864	12/12 お題  『フリー』 ちち  #夜のフィギュア撮影会 #フィギュア撮影友の会  #オモ写  #ねんどろいど #SPY_FAMILY  #ロイド・フォージャー https://t.co/BCviPeodAN	1	2022-04-484	SPY×FAMILY（Season 1 第1クール）
1530938535254994944	#SPY_FAMILY  #スパイファミリー  #ロイド  #ヨル  #ロイヨル   (全4枚)  以前に描いたロイヨルロイの続き的なものです😇 まんがってどう描けばいいのか教えてロイドマーン!!!!!(切実) https://t.co/07qzTau9uy	1	2022-04-484	SPY×FAMILY（Season 1 第1クール）
1579734977927086080	今期アニメかなり忙しい💦 #機動戦士ガンダム水星の魔女  #SPY_FAMILY  #BLEACH千年血戦篇 #チェンソーマン  #うる星やつら #孤独のグルメ10 ?...腹減った~ https://t.co/jr00s4p4aX	0	2022-04-484	SPY×FAMILY（Season 1 第1クール）
1512609058506768386	いよいよ、今日の夜から放送開始!  #SPY_FAMILY @spyfamily_anime https://t.co/VOVIFEg6EK	2	2022-04-484	SPY×FAMILY（Season 1 第1クール）
1536083021622820864	Yor from Spy x Family (づ。◕‿‿◕。)づ  #Yor #SPYxFamily #SPY_FAMILY https://t.co/4UvGFiYF1t	1	2022-04-484	SPY×FAMILY（Season 1 第1クール）
1599046558712225792	作画良くて草生える #スパイファミリー #SPY_FAMILY #tvtokyo https://t.co/wle7X4LVgg	2	2022-04-484	SPY×FAMILY（Season 1 第1クール）
1321752918094082048	【入荷情報】  『SPY×FAMILY』より、  ラメアクリルバッジコレクション Vol.1が入荷致しました❣️  6階、ジャンプコーナーにて販売中です✨  #スパイファミリー  #SPY_FAMILY https://t.co/1tXyQEDU5S	2	2022-04-484	SPY×FAMILY（Season 1 第1クール）
1626810427769487365	本日入荷しました🎉  ✨SPY×FAMILY ゆるスタアクリルキーホルダーコレクション #SPY_FAMILY #ホビーショップ https://t.co/FuAcpWMJ0d	2	2022-04-484	SPY×FAMILY（Season 1 第1クール）
1520546540330405889	「はは...!だいたん...!!」 #SPY_FAMILY  #スパイファミリー https://t.co/msTMZFii8F	1	2022-04-484	SPY×FAMILY（Season 1 第1クール）
1520720051091152897	ダミアニャ #SPYxFamily #spyxfamilyfanart  #SPY_FAMILY https://t.co/TdcKXOtbJh	1	2022-04-484	SPY×FAMILY（Season 1 第1クール）
1589239494661718016	#SPY_FAMILY 細かいとこに見える日本文化。日本だとテストで正解にマル、不正解にバツか✓を付けるけど英語圏では✓が正解/同意を表すので、このじなんの答案は視聴者の地域によっては正解が少ないように見える https://t.co/3a2nTtfTGX	1	2022-04-484	SPY×FAMILY（Season 1 第1クール）
1607319071334490112	#SPY_FAMILY 第25話感想:ロイドを手伝いたいアーニャだったが...、待っている間に寝ちゃいましたね。ベッキーが家まで送ってくれたんですね優しいな。 最終回なのにヨルさんとボンドの出番が少ないのは、ちと残念! https://t.co/SHQ8CpG9f7	1	2022-04-484	SPY×FAMILY（Season 1 第1クール）
1601583709865771008	人妻 #SPY_FAMILY #tvtokyo https://t.co/gH8NVmCtf0	1	2022-04-484	SPY×FAMILY（Season 1 第1クール）
1485890254167232514	未だ一線越え出来ないロイヨル(嫁が強可愛い過ぎて)  この後きっとカップは飛んでくるわ、強烈な平手か脚が宙を舞うんです。  #ロイヨル #SPY_FAMILY https://t.co/ew7KG2Uf7m	1	2022-04-484	SPY×FAMILY（Season 1 第1クール）
1535631924274016256	ご視聴ありがとうございましたー!🙏🙇‍♂️ スタッフの皆様、誠にありがとうございました!!😭🙏 本当に、お疲れ様でした!🙇‍♂️ 引き続き宜しくお願い致します!!🥜  #SPY_FAMILY  #スパイファミリー https://t.co/vZoHFsRH24	2	2022-04-484	SPY×FAMILY（Season 1 第1クール）
1587332503366676481	本日、11月1日は ボンドの日(犬の日)ですね🐶🐶🐶  今後もボンドの活躍にご期待ください🦴  #SPY_FAMILY #スパイファミリー #犬の日 https://t.co/2umNsvXAiA	2	2022-04-484	SPY×FAMILY（Season 1 第1クール）
1591433730060472323	泣くほどか? #SPY_FAMILY #スパイファミリー https://t.co/MzdFQOChUo	1	2022-04-484	SPY×FAMILY（Season 1 第1クール）
1540891854971060225	わくわく #SPY_FAMILY https://t.co/vG4x8DJjwn	2	2022-04-484	SPY×FAMILY（Season 1 第1クール）
1541699834503380992	アーニャがキメラさんを抱きしめている  姿が愛らしい  『ぎゅぎゅっとアクリルキーホルダー』予約受付中!  #スパイファミリー #SPY_FAMILY https://t.co/kz5Q8KXS3i	2	2022-04-484	SPY×FAMILY（Season 1 第1クール）
1369219206021967875	注文してた抱き枕カバーとマウスパッドが届いたよ!!! 魔女の旅々のグッズの中でも抱き枕カバーとかはマジで欲しかったしマウスパッドは個人的に欲しかったから嬉しい.. ほんとかわいい!ありがとう!! #魔女の旅々はいいぞ https://t.co/rWJ46OXMud	2	2020-10-135	魔女の旅々
1530786132640014336	束の間の妹 #魔女の旅々  #魔女の旅々はいいぞ https://t.co/NgRzjA4QDZ	2	2020-10-135	魔女の旅々
1597927971536670721	そう、わたしです #魔女の旅々はいいぞ https://t.co/iElcxNEGtb	2	2020-10-135	魔女の旅々
1463508429973364737	やっと旅々6巻読み終わった🌝 今回特に読みおわるとパンが食べたくなってきました🍞  7巻読みはじめるとしますか～ #魔女の旅々 #魔女の旅々はいいぞ https://t.co/2gxcpHvL3K	2	2020-10-135	魔女の旅々
1651546508385472512	イレイナさんのフィギュアの唯一の弱点 「大体横に広いので置き場を圧迫する」 でも買っちゃう  #魔女の旅々 #魔女の旅々はいいぞ https://t.co/nEzMxzHcAU	1	2020-10-135	魔女の旅々
1570959525720772613	名古屋の街を旅々 2店舗歩いていて渡り、サイン本を手に入れました。 #魔女の旅々 #魔女の旅々はいいぞ https://t.co/uHc0dfY4Bs	2	2020-10-135	魔女の旅々
1497156554021240834	改めて! 魔女の旅々の白石先生サイン入りマグカップ届きましたー!!!めちゃくちゃ嬉しいです一生家宝にします!!!!  #魔女の旅々はいいぞ   #魔女の旅々 https://t.co/C316pQHs09	2	2020-10-135	魔女の旅々
1318116736722370560	Amazonで今さっき予約した直後に嬉しいお知らせ!! &gt;RT  #魔女の旅々はいいぞ	2	2020-10-135	魔女の旅々
1331184151949496321	短髪のイレイナ(も)かあいい。 #魔女の旅々はいいぞ	2	2020-10-135	魔女の旅々
1250282136856178690	🌟予約情報🌟 【小説 】『魔女の旅々(14) ドラマCD付特装版』  #白石定規 先生書き下ろし脚本でお届けする、ドラマCD第四弾つき  #魔女の旅々はいいぞ 👇ご予約はこちら👇 https://t.co/L5jO26cM6R	2	2020-10-135	魔女の旅々
1329792995302928385	やっぱうえしゃまにはやべーやつがよく似合うな #魔女の旅々はいいぞ	2	2020-10-135	魔女の旅々
1332330899225001986	イレイナ... 推しが泣いてるの見るのは心にくるものがあるな #魔女の旅々はいいぞ	2	2020-10-135	魔女の旅々
1465321972381155328	......旅々はいいぞ  もっと皆にしってもらいたいなぁ...  #魔女の旅々はいいぞ  #魔女の旅々 https://t.co/nbz9wuEO6s	2	2020-10-135	魔女の旅々
1483434595031093248	これよりアマゾンから届いた物の開封の儀を行う #魔女の旅々はいいぞ https://t.co/UCxgw6mFi4	2	2020-10-135	魔女の旅々
1326146977675972608	#魔女の旅々はいいぞ メンバーが増えたので再度募集します!結構みんなでワイワイしてます!是非入って僕たちとおしゃべりしましょう!(๑˃̵ᴗ˂̵) オープンチャット「魔女の旅々好き集まれー」 https://t.co/pZCGBhNmjE	2	2020-10-135	魔女の旅々
1531918314683125760	魔女旅学園が無事公式化されたけど、今後も魔女旅が続く限り俺個人の魔女旅学園妄想は続けたいと思ってる これはこれで楽しいからね 兎に角新作続々おめでとうございます! #魔女の旅々 #魔女の旅々はいいぞ  https://t.co/91IfqNIAPa	2	2020-10-135	魔女の旅々
1340669109923500038	4巻は在庫切れだったのです......にぱー! #魔女の旅々はいいぞ https://t.co/kmrUrNyPPt	2	2020-10-135	魔女の旅々
1313795467294240770	【Blu-ray&amp;DVD】『魔女の旅々』Blu-ray&amp;DVD BOX 上下巻  旅の魔女が綴る、「別れ」の物語 GAノベルの人気作を美麗映像でTVアニメ化!#魔女の旅々はいいぞ  アニメイト特典:原作描き下ろしイラスト使用B2タペストリー(全巻購入)  💠DVD https://t.co/0UPD1WRtOL  💠BD https://t.co/Hj5sTtszqj	2	2020-10-135	魔女の旅々
1431193017260515331	BOX買いしても揃わない可能性があると書いてあったのであまり期待してなかったのですが1BOXずつで全種類コンプできました! #魔女の旅々 #魔女の旅々はいいぞ https://t.co/mnrDnnWQ2M	2	2020-10-135	魔女の旅々
1472401114054422528	アニメ化したら面白いけど色々賛否別れそうな話4選 フレデリカ→胸糞 彼岸花→鬱い 二人だけの世界→グロい 虚構の魔女→き た な い #魔女の旅々  #魔女の旅々はいいぞ	2	2020-10-135	魔女の旅々
1497320506780835841	6時20分...。  #lovelive #Liella https://t.co/w4a9Ehe5zc	1	2022-04-452	ラブライブ!虹ヶ咲学園スクールアイドル同好会（第2期）
1327604876558254085	本渡楓やんけ #lovelive #tokyomx https://t.co/mQtNyhwayF	1	2022-04-452	ラブライブ!虹ヶ咲学園スクールアイドル同好会（第2期）
1524233204374605824	【💖予約💖】 ラブライブ!スーパースター!! 結ヶ丘女子購買部 BIRTHDAYプレゼント 💕🍨〜唐 可可セット〜🍨💕 ゲーマーズでもご予約受付中デス!!️!!️🎉💖 #lovelive #Liella https://t.co/bn0vQdr47U	2	2022-04-452	ラブライブ!虹ヶ咲学園スクールアイドル同好会（第2期）
1429384632575815685	サニパめっちゃ来るの早かったな!? #lovelive  #Liella	1	2022-04-452	ラブライブ!虹ヶ咲学園スクールアイドル同好会（第2期）
1625478737184845824	おー! #lovelive #虹ヶ咲 #にじよんあにめーしょん #bs11 https://t.co/MeOi9KAHD6	1	2022-04-452	ラブライブ!虹ヶ咲学園スクールアイドル同好会（第2期）
1479716345038389248	両手に装備して東京フレンドパークになった男  #lovelive #Liella #Liella_仙台_19star https://t.co/AEg4etdDED	2	2022-04-452	ラブライブ!虹ヶ咲学園スクールアイドル同好会（第2期）
1304393628983259137	ともりる、ライブのために切りたい髪を切らずに我慢してたんですよね😀 #虹ヶ咲 #lovelive https://t.co/Au8SpbAxtG	1	2022-04-452	ラブライブ!虹ヶ咲学園スクールアイドル同好会（第2期）
1601199464701898754	μ'sの私服を見ていると、凛が一番ファッションセンスがあると思うのは、自分だけだろうか? #lovelive https://t.co/pPqcygrq1S	2	2022-04-452	ラブライブ!虹ヶ咲学園スクールアイドル同好会（第2期）
1223214525953916931	沼津のお店として、個人としてラブライブ!サンシャイン!!︎に真剣に向き合って 応援できて、してきてよかったなぁと思いますね...  #lovelive	2	2022-04-452	ラブライブ!虹ヶ咲学園スクールアイドル同好会（第2期）
1353885902918078465	鹿角理亜ちゃん誕生日おめでとう #lovelive  #ラブライブ   #鹿角理亜生誕祭2020  #鹿角理亜誕生祭2020  #アニメ好きな人いいね  #アニメ好きな人RT #アニメ好きと繋がりたい  #アニメ好きさんと繋がりたい #いいねした人全員フォローする #RTした人全員フォローする https://t.co/nVtWQvRweI	2	2022-04-452	ラブライブ!虹ヶ咲学園スクールアイドル同好会（第2期）
1536261059132399618	【予約】 『ラブライブ!スーパースター!! 』より「エモーショナルTシャツ」が登場!ご予約受付中!  #lovelive #Liella  ▽ご予約はこちら https://t.co/3Oh9tOvQqz https://t.co/Kbq9QdxN58	2	2022-04-452	ラブライブ!虹ヶ咲学園スクールアイドル同好会（第2期）
1500721503091900418	2022.05.22 イーグルス × Liella!|ラブライブ!シリーズとパ・リーグ6球団が夢のコラボ! https://t.co/1RMUaftzkg #lovelive #aqours #虹ヶ咲 #Liella	2	2022-04-452	ラブライブ!虹ヶ咲学園スクールアイドル同好会（第2期）
1538150662588215296	ソロ曲作っちゃたって #lovelive #tokyomx #bs11 https://t.co/MAVGlFHarl	2	2022-04-452	ラブライブ!虹ヶ咲学園スクールアイドル同好会（第2期）
1336645285250908162	目力!!️  #lovelive  #Aqours  #黒澤ダイヤ  #小宮有紗 https://t.co/TlwTcfsbOs	2	2022-04-452	ラブライブ!虹ヶ咲学園スクールアイドル同好会（第2期）
1406425508858908674	スクフェスの貯め込んだ未来∞チケット勧誘してきました!!️ なんと330連!!️ 内容もなんか凄いことになったんで良ければ観て下さい!!️  https://t.co/985dQZGcLH  #lovelive #μ's  #Aqours #スクフェス #ガチャ #勧誘 https://t.co/TIYxMd8DPO	2	2022-04-452	ラブライブ!虹ヶ咲学園スクールアイドル同好会（第2期）
1495390345403973634	【私の推し】 1位 桜内梨子 2位 松浦果南 3位 小原鞠莉 4位 優木せつ菜 5位 鹿角聖良 6位 渡辺曜 7位 平安名すみれ 8位 鐘嵐珠 9位 近江彼方 #ラブライブ勝手にランキング #lovelive  https://t.co/VGmdbH2Fn4  当たってるねー(笑)	2	2022-04-452	ラブライブ!虹ヶ咲学園スクールアイドル同好会（第2期）
1674073740857200641	果林さんお誕生日おめでとうございます!🎉🎁🎂  #朝香果林生誕祭2023  #朝香果林誕生祭2023  #6月29日は朝香果林の誕生日 #虹ヶ咲 #lovelive https://t.co/Jeb9grtaVa	2	2022-04-452	ラブライブ!虹ヶ咲学園スクールアイドル同好会（第2期）
1576502010546790400	TVアニメ「ラブライブ!」今日から再放送!思い出の曲が次々心に蘇ります...また楽しんでくださいね😊 #lovelive https://t.co/H3K2YdeCur	2	2022-04-452	ラブライブ!虹ヶ咲学園スクールアイドル同好会（第2期）
1579061085587460096	すみれちゃんの言ってた「居て欲しいけど居て欲しくない」はめっちゃそれ!だったけど、それに対しての最適解がこれなのかもしれない・・・?🤔 #Liella #lovelive	2	2022-04-452	ラブライブ!虹ヶ咲学園スクールアイドル同好会（第2期）
1574393837795282944	久しぶりにフレンド募集させていただきます✨ お気軽にお声掛けくださいね🌸🌸🌸 #スクスタ3周年  #スクフェス #フレンド募集  #lovelive https://t.co/xyrmgVmwZS	2	2022-04-452	ラブライブ!虹ヶ咲学園スクールアイドル同好会（第2期）
